{
    "x": [
        0.01925708699902251,
        0.05053763440860215,
        0.1224828934506354,
        0.9826979472140763
    ],
    "y": [
        0.0012987012987013546,
        1.0012987012987016,
        1.0077922077922081,
        0.014285714285714346
    ]
}